{"branches": 17.90931030102883, "coverage": 29.313295373222566}