{"branches": 17.70075406799841, "coverage": 29.122305164281524}