{"branches": 17.918065815983883, "coverage": 29.293533625470953}