{"branches": 17.803081044876087, "coverage": 29.244353249103305}