{"branches": 18.23391508205262, "coverage": 29.898552922489962}