{"branches": 17.754152823920265, "coverage": 29.206402994949247}