{"branches": 17.899427116486315, "coverage": 29.275217621915072}