{"branches": 17.716883444879404, "coverage": 29.005610249911136}