{"branches": 17.863041544911702, "coverage": 29.25810391368272}